,Catagories,Job Positions,Company Offering Job,Company_Name,Location Name
0,Aerospace & Aviation,Graduate Engineer,On-site,Collins Aerospace,"Bengaluru, Karnataka, India"
1,Aerospace & Aviation,Graduate Engineer,On-site,Raytheon Technologies,"Bengaluru, Karnataka, India"
2,Aerospace & Aviation,Graduate Engineer,On-site,Collins Aerospace,"Bengaluru, Karnataka, India"
3,Aerospace & Aviation,Associate Engineer,On-site,Raytheon Technologies,"Bengaluru, Karnataka, India"
4,Aerospace & Aviation,Field Services Representative,On-site,Airbus,Greater Madurai Area
5,Aerospace & Aviation,Graduate Engineer,On-site,Raytheon Technologies,"Bengaluru, Karnataka, India"
6,Aerospace & Aviation,Associate Engineer,On-site,Collins Aerospace,"Bengaluru, Karnataka, India"
7,Aerospace & Aviation,System Engineering – Maintenance ( MOT),On-site,Airbus,Greater Madurai Area
8,Aerospace & Aviation,Lead Engineer,On-site,Collins Aerospace,"Bengaluru, Karnataka, India"
9,Aerospace & Aviation,Health Engineer (LGOT),On-site,Airbus,Greater Madurai Area
10,Aerospace & Aviation,Business Development Manager,Hybrid,Cirium- LexisNexis Risk Solutions,"Mumbai, Maharashtra, India"
11,Aerospace & Aviation,US IT Recruiter,On-site,Belcan,"Hyderabad, Telangana, India"
12,Aerospace & Aviation,"Mechanical Engineer - Certification, Qualification & Testing",On-site,Collins Aerospace,"Bengaluru, Karnataka, India"
13,Aerospace & Aviation,Apprentice- Java,On-site,Dassault Systèmes,"Dinara, Bihar, India"
14,Aerospace & Aviation,Project Manager - Operations,On-site,Quality Council of India(QCI),"New Delhi, Delhi, India"
15,Aerospace & Aviation,Lead Engineer,On-site,Collins Aerospace,"Bengaluru, Karnataka, India"
16,Aerospace & Aviation,Staff Engineer,On-site,Collins Aerospace,"Bengaluru, Karnataka, India"
17,Aerospace & Aviation,Experienced Propulsion Service Engineer – Engines,On-site,Boeing,"Bengaluru, Karnataka, India"
18,Aerospace & Aviation,Lead Engineer,On-site,Collins Aerospace,"Bengaluru, Karnataka, India"
19,Aerospace & Aviation,Lead Engineer,On-site,Collins Aerospace,"Hyderabad, Telangana, India"
20,Aerospace & Aviation,"Lead Engineer, AeroThermFluid",On-site,Collins Aerospace,"Bengaluru, Karnataka, India"
21,Aerospace & Aviation,Sr Lead Engineer,On-site,Collins Aerospace,"Hyderabad, Telangana, India"
